native,skill,cm,hourwage,MA_wage
"0. Immigrant","0. Low",1996m1,8.88,
"0. Immigrant","0. Low",1996m2,8.38,
"0. Immigrant","0. Low",1996m3,8.20,
"0. Immigrant","0. Low",1996m4,8.15,
"0. Immigrant","0. Low",1996m5,8.23,
"0. Immigrant","0. Low",1996m6,8.39,
"0. Immigrant","0. Low",1996m7,8.56,8.487319
"0. Immigrant","0. Low",1996m8,8.33,8.49071
"0. Immigrant","0. Low",1996m9,8.67,8.522171
"0. Immigrant","0. Low",1996m10,8.67,8.569698
"0. Immigrant","0. Low",1996m11,9.17,8.60702
"0. Immigrant","0. Low",1996m12,8.34,8.634258
"0. Immigrant","0. Low",1997m1,8.60,8.654062
"0. Immigrant","0. Low",1997m2,8.74,8.660754
"0. Immigrant","0. Low",1997m3,8.60,8.679929
"0. Immigrant","0. Low",1997m4,8.89,8.697565
"0. Immigrant","0. Low",1997m5,8.39,8.70218
"0. Immigrant","0. Low",1997m6,8.89,8.730699
"0. Immigrant","0. Low",1997m7,8.53,8.764525
"0. Immigrant","0. Low",1997m8,8.52,8.790019
"0. Immigrant","0. Low",1997m9,8.95,8.834415
"0. Immigrant","0. Low",1997m10,8.82,8.869287
"0. Immigrant","0. Low",1997m11,9.13,8.912475
"0. Immigrant","0. Low",1997m12,9.06,8.959374
"0. Immigrant","0. Low",1998m1,8.69,8.995181
"0. Immigrant","0. Low",1998m2,9.26,9.040949
"0. Immigrant","0. Low",1998m3,9.14,9.07222
"0. Immigrant","0. Low",1998m4,9.19,9.08969
"0. Immigrant","0. Low",1998m5,9.13,9.117838
"0. Immigrant","0. Low",1998m6,9.28,9.151174
"0. Immigrant","0. Low",1998m7,9.01,9.188385
"0. Immigrant","0. Low",1998m8,9.14,9.216051
"0. Immigrant","0. Low",1998m9,9.07,9.224705
"0. Immigrant","0. Low",1998m10,9.11,9.233543
"0. Immigrant","0. Low",1998m11,9.52,9.266787
"0. Immigrant","0. Low",1998m12,9.47,9.295546
"0. Immigrant","0. Low",1999m1,9.17,9.317487
"0. Immigrant","0. Low",1999m2,9.45,9.35489
"0. Immigrant","0. Low",1999m3,9.17,9.382542
"0. Immigrant","0. Low",1999m4,9.38,9.417903
"0. Immigrant","0. Low",1999m5,9.73,9.431375
"0. Immigrant","0. Low",1999m6,9.36,9.42039
"0. Immigrant","0. Low",1999m7,9.45,9.435312
"0. Immigrant","0. Low",1999m8,9.60,9.458435
"0. Immigrant","0. Low",1999m9,9.28,9.486763
"0. Immigrant","0. Low",1999m10,9.75,9.517782
"0. Immigrant","0. Low",1999m11,9.20,9.528157
"0. Immigrant","0. Low",1999m12,9.53,9.541247
"0. Immigrant","0. Low",2000m1,9.47,9.571719
"0. Immigrant","0. Low",2000m2,9.70,9.5995
"0. Immigrant","0. Low",2000m3,9.60,9.640512
"0. Immigrant","0. Low",2000m4,9.69,9.6801
"0. Immigrant","0. Low",2000m5,9.67,9.720583
"0. Immigrant","0. Low",2000m6,9.74,9.778287
"0. Immigrant","0. Low",2000m7,9.81,9.840266
"0. Immigrant","0. Low",2000m8,9.91,9.879344
"0. Immigrant","0. Low",2000m9,9.95,9.898152
"0. Immigrant","0. Low",2000m10,10.03,9.970778
"0. Immigrant","0. Low",2000m11,9.89,10.05337
"0. Immigrant","0. Low",2000m12,10.22,10.135
"0. Immigrant","0. Low",2001m1,10.27,10.21886
"0. Immigrant","0. Low",2001m2,9.84,10.27905
"0. Immigrant","0. Low",2001m3,9.90,10.3298
"0. Immigrant","0. Low",2001m4,11.13,10.34971
"0. Immigrant","0. Low",2001m5,10.22,10.39139
"0. Immigrant","0. Low",2001m6,11.15,10.43572
"0. Immigrant","0. Low",2001m7,10.41,10.45129
"0. Immigrant","0. Low",2001m8,10.75,10.4717
"0. Immigrant","0. Low",2001m9,10.33,10.50363
"0. Immigrant","0. Low",2001m10,10.14,10.50584
"0. Immigrant","0. Low",2001m11,10.79,10.50734
"0. Immigrant","0. Low",2001m12,10.39,10.50751
"0. Immigrant","0. Low",2002m1,10.47,10.4774
"0. Immigrant","0. Low",2002m2,10.13,10.44042
"0. Immigrant","0. Low",2002m3,10.39,10.42276
"0. Immigrant","0. Low",2002m4,10.70,10.4424
"0. Immigrant","0. Low",2002m5,10.68,10.44166
"0. Immigrant","0. Low",2002m6,10.69,10.45222
"0. Immigrant","0. Low",2002m7,10.14,10.50209
"0. Immigrant","0. Low",2002m8,10.13,10.54228
"0. Immigrant","0. Low",2002m9,10.53,10.56679
"0. Immigrant","0. Low",2002m10,10.41,10.57917
"0. Immigrant","0. Low",2002m11,10.50,10.58469
"0. Immigrant","0. Low",2002m12,10.93,10.59152
"0. Immigrant","0. Low",2003m1,11.13,10.6229
"0. Immigrant","0. Low",2003m2,10.44,10.69443
"0. Immigrant","0. Low",2003m3,10.67,10.75289
"0. Immigrant","0. Low",2003m4,10.72,10.80941
"0. Immigrant","0. Low",2003m5,10.80,10.86111
"0. Immigrant","0. Low",2003m6,10.74,10.87705
"0. Immigrant","0. Low",2003m7,10.85,10.8651
"0. Immigrant","0. Low",2003m8,11.14,10.86169
"0. Immigrant","0. Low",2003m9,10.92,10.89441
"0. Immigrant","0. Low",2003m10,11.37,10.92146
"0. Immigrant","0. Low",2003m11,10.78,10.92851
"0. Immigrant","0. Low",2003m12,11.04,10.93891
"0. Immigrant","0. Low",2004m1,10.73,10.96134
"0. Immigrant","0. Low",2004m2,10.75,10.97235
"0. Immigrant","0. Low",2004m3,11.14,10.97719
"0. Immigrant","0. Low",2004m4,10.89,10.97735
"0. Immigrant","0. Low",2004m5,10.79,10.99369
"0. Immigrant","0. Low",2004m6,11.00,11.03821
"0. Immigrant","0. Low",2004m7,11.13,11.08184
"0. Immigrant","0. Low",2004m8,11.12,11.12251
"0. Immigrant","0. Low",2004m9,11.05,11.14613
"0. Immigrant","0. Low",2004m10,11.24,11.16467
"0. Immigrant","0. Low",2004m11,11.30,11.18869
"0. Immigrant","0. Low",2004m12,11.58,11.21851
"0. Immigrant","0. Low",2005m1,11.24,11.22881
"0. Immigrant","0. Low",2005m2,11.22,11.22504
"0. Immigrant","0. Low",2005m3,11.23,11.24239
"0. Immigrant","0. Low",2005m4,11.25,11.26107
"0. Immigrant","0. Low",2005m5,11.01,11.27539
"0. Immigrant","0. Low",2005m6,11.49,11.28986
"0. Immigrant","0. Low",2005m7,10.89,11.31192
"0. Immigrant","0. Low",2005m8,11.28,11.34917
"0. Immigrant","0. Low",2005m9,11.32,11.37934
"0. Immigrant","0. Low",2005m10,11.43,11.41038
"0. Immigrant","0. Low",2005m11,11.46,11.46272
"0. Immigrant","0. Low",2005m12,11.77,11.49064
"0. Immigrant","0. Low",2006m1,11.57,11.51825
"0. Immigrant","0. Low",2006m2,11.78,11.56533
"0. Immigrant","0. Low",2006m3,11.40,11.60199
"0. Immigrant","0. Low",2006m4,11.82,11.63986
"0. Immigrant","0. Low",2006m5,11.69,11.67013
"0. Immigrant","0. Low",2006m6,11.48,11.68782
"0. Immigrant","0. Low",2006m7,11.56,11.69589
"0. Immigrant","0. Low",2006m8,11.73,11.70187
"0. Immigrant","0. Low",2006m9,11.74,11.7408
"0. Immigrant","0. Low",2006m10,11.91,11.77763
"0. Immigrant","0. Low",2006m11,11.70,11.79246
"0. Immigrant","0. Low",2006m12,11.96,11.83005
"0. Immigrant","0. Low",2007m1,11.58,11.87014
"0. Immigrant","0. Low",2007m2,11.91,11.89566
"0. Immigrant","0. Low",2007m3,12.20,11.92413
"0. Immigrant","0. Low",2007m4,11.91,11.94592
"0. Immigrant","0. Low",2007m5,11.97,11.96241
"0. Immigrant","0. Low",2007m6,12.11,11.97887
"0. Immigrant","0. Low",2007m7,11.89,12.01564
"0. Immigrant","0. Low",2007m8,12.02,12.05699
"0. Immigrant","0. Low",2007m9,12.14,12.07311
"0. Immigrant","0. Low",2007m10,12.03,12.09648
"0. Immigrant","0. Low",2007m11,11.97,12.14206
"0. Immigrant","0. Low",2007m12,12.08,12.1928
"0. Immigrant","0. Low",2008m1,12.35,12.23853
"0. Immigrant","0. Low",2008m2,12.14,12.28129
"0. Immigrant","0. Low",2008m3,12.36,12.32885
"0. Immigrant","0. Low",2008m4,12.31,12.38232
"0. Immigrant","0. Low",2008m5,12.66,12.43571
"0. Immigrant","0. Low",2008m6,12.64,12.49976
"0. Immigrant","0. Low",2008m7,12.46,12.55862
"0. Immigrant","0. Low",2008m8,12.47,12.60928
"0. Immigrant","0. Low",2008m9,12.83,12.64037
"0. Immigrant","0. Low",2008m10,12.63,12.67048
"0. Immigrant","0. Low",2008m11,12.66,12.70407
"0. Immigrant","0. Low",2008m12,12.93,12.71821
"0. Immigrant","0. Low",2009m1,12.90,12.72455
"0. Immigrant","0. Low",2009m2,12.80,12.72121
"0. Immigrant","0. Low",2009m3,12.45,12.7302
"0. Immigrant","0. Low",2009m4,12.94,12.73941
"0. Immigrant","0. Low",2009m5,12.83,12.74514
"0. Immigrant","0. Low",2009m6,12.80,12.75213
"0. Immigrant","0. Low",2009m7,12.45,12.76273
"0. Immigrant","0. Low",2009m8,12.41,12.75544
"0. Immigrant","0. Low",2009m9,13.11,12.74959
"0. Immigrant","0. Low",2009m10,12.57,12.76155
"0. Immigrant","0. Low",2009m11,12.85,12.7692
"0. Immigrant","0. Low",2009m12,12.90,12.77134
"0. Immigrant","0. Low",2010m1,13.19,12.7701
"0. Immigrant","0. Low",2010m2,12.34,12.77601
"0. Immigrant","0. Low",2010m3,12.77,12.77087
"0. Immigrant","0. Low",2010m4,12.91,12.75661
"0. Immigrant","0. Low",2010m5,13.04,12.74498
"0. Immigrant","0. Low",2010m6,12.64,12.72802
"0. Immigrant","0. Low",2010m7,12.58,12.71219
"0. Immigrant","0. Low",2010m8,12.41,12.74065
"0. Immigrant","0. Low",2010m9,12.98,12.75771
"0. Immigrant","0. Low",2010m10,12.36,12.72306
"0. Immigrant","0. Low",2010m11,12.79,12.708
"0. Immigrant","0. Low",2010m12,12.56,12.71926
"0. Immigrant","0. Low",2011m1,13.15,12.71933
"0. Immigrant","0. Low",2011m2,13.06,12.73093
"0. Immigrant","0. Low",2011m3,12.45,12.75738
"0. Immigrant","0. Low",2011m4,12.39,12.79329
"0. Immigrant","0. Low",2011m5,13.20,12.81433
"0. Immigrant","0. Low",2011m6,12.75,12.83386
"0. Immigrant","0. Low",2011m7,12.47,12.84817
"0. Immigrant","0. Low",2011m8,12.81,12.83598
"0. Immigrant","0. Low",2011m9,13.22,12.84169
"0. Immigrant","0. Low",2011m10,12.98,12.88347
"0. Immigrant","0. Low",2011m11,12.67,12.90961
"0. Immigrant","0. Low",2011m12,13.14,12.91291
"0. Immigrant","0. Low",2012m1,12.91,12.95039
"0. Immigrant","0. Low",2012m2,13.01,12.97984
"0. Immigrant","0. Low",2012m3,12.64,12.97705
"0. Immigrant","0. Low",2012m4,13.21,12.96043
"0. Immigrant","0. Low",2012m5,13.01,12.97256
"0. Immigrant","0. Low",2012m6,13.02,12.98438
"0. Immigrant","0. Low",2012m7,13.10,12.993
"0. Immigrant","0. Low",2012m8,12.88,13.0123
"0. Immigrant","0. Low",2012m9,13.08,13.03002
"0. Immigrant","0. Low",2012m10,12.72,13.04648
"0. Immigrant","0. Low",2012m11,13.22,13.03503
"0. Immigrant","0. Low",2012m12,12.88,13.0314
"0. Immigrant","0. Low",2013m1,13.38,13.01958
"0. Immigrant","0. Low",2013m2,13.00,13.03694
"0. Immigrant","0. Low",2013m3,13.08,13.08993
"0. Immigrant","0. Low",2013m4,13.17,13.10959
"0. Immigrant","0. Low",2013m5,12.78,13.13649
"0. Immigrant","0. Low",2013m6,13.16,13.17414
"0. Immigrant","0. Low",2013m7,12.67,
"0. Immigrant","0. Low",2013m8,13.72,
"0. Immigrant","0. Low",2013m9,13.51,
"0. Immigrant","0. Low",2013m10,12.77,
"0. Immigrant","0. Low",2013m11,13.82,
"0. Immigrant","0. Low",2013m12,13.18,
"0. Immigrant","1. High",1996m1,13.32,
"0. Immigrant","1. High",1996m2,13.85,
"0. Immigrant","1. High",1996m3,14.16,
"0. Immigrant","1. High",1996m4,13.75,
"0. Immigrant","1. High",1996m5,13.11,
"0. Immigrant","1. High",1996m6,14.04,
"0. Immigrant","1. High",1996m7,14.84,13.80678
"0. Immigrant","1. High",1996m8,13.34,13.82502
"0. Immigrant","1. High",1996m9,13.62,13.75008
"0. Immigrant","1. High",1996m10,14.68,13.72666
"0. Immigrant","1. High",1996m11,14.74,13.80311
"0. Immigrant","1. High",1996m12,12.00,13.79165
"0. Immigrant","1. High",1997m1,13.77,13.65268
"0. Immigrant","1. High",1997m2,13.84,13.60302
"0. Immigrant","1. High",1997m3,12.37,13.65309
"0. Immigrant","1. High",1997m4,14.98,13.67114
"0. Immigrant","1. High",1997m5,13.72,13.67006
"0. Immigrant","1. High",1997m6,13.15,13.7454
"0. Immigrant","1. High",1997m7,12.39,13.86485
"0. Immigrant","1. High",1997m8,14.59,13.91496
"0. Immigrant","1. High",1997m9,13.57,14.02657
"0. Immigrant","1. High",1997m10,15.17,14.06835
"0. Immigrant","1. High",1997m11,14.23,14.06199
"0. Immigrant","1. High",1997m12,14.33,14.14036
"0. Immigrant","1. High",1998m1,14.32,14.3584
"0. Immigrant","1. High",1998m2,14.50,14.59643
"0. Immigrant","1. High",1998m3,14.39,14.76479
"0. Immigrant","1. High",1998m4,13.96,14.82601
"0. Immigrant","1. High",1998m5,14.58,14.81213
"0. Immigrant","1. High",1998m6,14.17,14.89681
"0. Immigrant","1. High",1998m7,16.61,14.97192
"0. Immigrant","1. High",1998m8,16.09,14.99566
"0. Immigrant","1. High",1998m9,16.11,15.0863
"0. Immigrant","1. High",1998m10,14.10,15.23967
"0. Immigrant","1. High",1998m11,14.97,15.43673
"0. Immigrant","1. High",1998m12,15.62,15.65565
"0. Immigrant","1. High",1999m1,14.83,15.72895
"0. Immigrant","1. High",1999m2,14.55,15.68659
"0. Immigrant","1. High",1999m3,16.51,15.60343
"0. Immigrant","1. High",1999m4,15.52,15.59615
"0. Immigrant","1. High",1999m5,17.75,15.71676
"0. Immigrant","1. High",1999m6,16.26,15.81477
"0. Immigrant","1. High",1999m7,16.28,15.83305
"0. Immigrant","1. High",1999m8,15.40,15.86071
"0. Immigrant","1. High",1999m9,14.80,15.95152
"0. Immigrant","1. High",1999m10,15.23,15.98332
"0. Immigrant","1. High",1999m11,16.73,15.91206
"0. Immigrant","1. High",1999m12,16.21,15.91515
"0. Immigrant","1. High",2000m1,14.68,15.96277
"0. Immigrant","1. High",2000m2,15.37,16.03711
"0. Immigrant","1. High",2000m3,17.87,16.10571
"0. Immigrant","1. High",2000m4,14.92,16.18469
"0. Immigrant","1. High",2000m5,16.64,16.25324
"0. Immigrant","1. High",2000m6,17.44,16.24425
"0. Immigrant","1. High",2000m7,16.24,16.24561
"0. Immigrant","1. High",2000m8,17.23,16.28264
"0. Immigrant","1. High",2000m9,14.63,16.21331
"0. Immigrant","1. High",2000m10,17.30,16.05956
"0. Immigrant","1. High",2000m11,16.30,15.99997
"0. Immigrant","1. High",2000m12,16.42,15.92031
"0. Immigrant","1. High",2001m1,14.50,15.94776
"0. Immigrant","1. High",2001m2,16.44,16.03704
"0. Immigrant","1. High",2001m3,15.14,16.07909
"0. Immigrant","1. High",2001m4,13.96,16.09509
"0. Immigrant","1. High",2001m5,16.17,16.03054
"0. Immigrant","1. High",2001m6,16.00,16.0007
"0. Immigrant","1. High",2001m7,18.34,16.06712
"0. Immigrant","1. High",2001m8,17.27,16.056
"0. Immigrant","1. High",2001m9,15.59,15.99428
"0. Immigrant","1. High",2001m10,16.72,16.11961
"0. Immigrant","1. High",2001m11,15.33,16.19296
"0. Immigrant","1. High",2001m12,16.67,16.16658
"0. Immigrant","1. High",2002m1,15.84,16.09408
"0. Immigrant","1. High",2002m2,14.83,15.97091
"0. Immigrant","1. High",2002m3,15.27,16.04109
"0. Immigrant","1. High",2002m4,16.84,16.13037
"0. Immigrant","1. High",2002m5,15.05,16.17455
"0. Immigrant","1. High",2002m6,16.49,16.19439
"0. Immigrant","1. High",2002m7,16.11,16.17291
"0. Immigrant","1. High",2002m8,16.54,16.34734
"0. Immigrant","1. High",2002m9,18.00,16.58986
"0. Immigrant","1. High",2002m10,16.45,16.66897
"0. Immigrant","1. High",2002m11,16.66,16.73194
"0. Immigrant","1. High",2002m12,15.82,16.7712
"0. Immigrant","1. High",2003m1,16.18,16.76142
"0. Immigrant","1. High",2003m2,18.68,16.8283
"0. Immigrant","1. High",2003m3,17.24,16.87195
"0. Immigrant","1. High",2003m4,16.77,16.94607
"0. Immigrant","1. High",2003m5,16.63,17.03434
"0. Immigrant","1. High",2003m6,15.85,17.10716
"0. Immigrant","1. High",2003m7,16.52,17.21015
"0. Immigrant","1. High",2003m8,17.74,17.22258
"0. Immigrant","1. High",2003m9,17.85,17.10712
"0. Immigrant","1. High",2003m10,18.38,17.07949
"0. Immigrant","1. High",2003m11,16.85,17.26507
"0. Immigrant","1. High",2003m12,17.37,17.4438
"0. Immigrant","1. High",2004m1,17.09,17.54794
"0. Immigrant","1. High",2004m2,18.06,17.58165
"0. Immigrant","1. High",2004m3,15.09,17.57915
"0. Immigrant","1. High",2004m4,18.26,17.61317
"0. Immigrant","1. High",2004m5,19.60,17.66844
"0. Immigrant","1. High",2004m6,17.17,17.73796
"0. Immigrant","1. High",2004m7,17.69,17.8031
"0. Immigrant","1. High",2004m8,17.38,17.86263
"0. Immigrant","1. High",2004m9,18.16,18.06406
"0. Immigrant","1. High",2004m10,18.89,18.2171
"0. Immigrant","1. High",2004m11,17.67,18.2266
"0. Immigrant","1. High",2004m12,18.23,18.21458
"0. Immigrant","1. High",2005m1,17.80,18.18575
"0. Immigrant","1. High",2005m2,18.78,18.23863
"0. Immigrant","1. High",2005m3,19.20,18.27498
"0. Immigrant","1. High",2005m4,17.82,18.2709
"0. Immigrant","1. High",2005m5,20.26,18.27563
"0. Immigrant","1. High",2005m6,16.22,18.29141
"0. Immigrant","1. High",2005m7,17.96,18.3818
"0. Immigrant","1. High",2005m8,18.38,18.41056
"0. Immigrant","1. High",2005m9,18.03,18.30813
"0. Immigrant","1. High",2005m10,18.93,18.34467
"0. Immigrant","1. High",2005m11,17.75,18.44407
"0. Immigrant","1. High",2005m12,18.53,18.61359
"0. Immigrant","1. High",2006m1,19.67,18.78866
"0. Immigrant","1. High",2006m2,17.60,18.84084
"0. Immigrant","1. High",2006m3,17.92,18.94615
"0. Immigrant","1. High",2006m4,19.98,19.0149
"0. Immigrant","1. High",2006m5,20.50,19.09641
"0. Immigrant","1. High",2006m6,20.05,19.22859
"0. Immigrant","1. High",2006m7,18.32,19.2047
"0. Immigrant","1. High",2006m8,19.27,19.15821
"0. Immigrant","1. High",2006m9,19.66,19.2305
"0. Immigrant","1. High",2006m10,18.94,19.31236
"0. Immigrant","1. High",2006m11,19.69,19.28606
"0. Immigrant","1. High",2006m12,19.75,19.22744
"0. Immigrant","1. High",2007m1,17.87,19.36578
"0. Immigrant","1. High",2007m2,18.29,19.53806
"0. Immigrant","1. High",2007m3,18.97,19.62681
"0. Immigrant","1. High",2007m4,20.89,19.71999
"0. Immigrant","1. High",2007m5,18.95,19.78284
"0. Immigrant","1. High",2007m6,20.19,19.78021
"0. Immigrant","1. High",2007m7,21.50,19.81479
"0. Immigrant","1. High",2007m8,20.22,19.98871
"0. Immigrant","1. High",2007m9,20.84,20.14
"0. Immigrant","1. High",2007m10,20.00,20.12859
"0. Immigrant","1. High",2007m11,20.14,20.20726
"0. Immigrant","1. High",2007m12,19.24,20.30522
"0. Immigrant","1. High",2008m1,19.21,20.16386
"0. Immigrant","1. High",2008m2,21.12,20.10626
"0. Immigrant","1. High",2008m3,19.77,20.1454
"0. Immigrant","1. High",2008m4,19.82,20.23169
"0. Immigrant","1. High",2008m5,21.91,20.34342
"0. Immigrant","1. High",2008m6,19.58,20.42291
"0. Immigrant","1. High",2008m7,18.72,20.52601
"0. Immigrant","1. High",2008m8,21.62,20.55757
"0. Immigrant","1. High",2008m9,20.38,20.56325
"0. Immigrant","1. High",2008m10,22.53,20.58825
"0. Immigrant","1. High",2008m11,20.29,20.50814
"0. Immigrant","1. High",2008m12,21.00,20.50875
"0. Immigrant","1. High",2009m1,19.93,20.67601
"0. Immigrant","1. High",2009m2,21.16,20.74117
"0. Immigrant","1. High",2009m3,19.87,20.75488
"0. Immigrant","1. High",2009m4,20.32,20.72021
"0. Immigrant","1. High",2009m5,19.48,20.6807
"0. Immigrant","1. High",2009m6,22.03,20.61899
"0. Immigrant","1. High",2009m7,20.29,20.5966
"0. Immigrant","1. High",2009m8,21.61,20.6846
"0. Immigrant","1. High",2009m9,20.72,20.78203
"0. Immigrant","1. High",2009m10,21.36,20.85811
"0. Immigrant","1. High",2009m11,20.51,20.94624
"0. Immigrant","1. High",2009m12,19.30,20.99672
"0. Immigrant","1. High",2010m1,21.09,20.95672
"0. Immigrant","1. High",2010m2,22.11,20.89443
"0. Immigrant","1. High",2010m3,21.26,20.82022
"0. Immigrant","1. High",2010m4,20.76,20.78388
"0. Immigrant","1. High",2010m5,21.16,20.76731
"0. Immigrant","1. High",2010m6,21.56,20.82637
"0. Immigrant","1. High",2010m7,19.80,20.8777
"0. Immigrant","1. High",2010m8,20.61,20.78404
"0. Immigrant","1. High",2010m9,19.94,20.75658
"0. Immigrant","1. High",2010m10,21.26,20.78928
"0. Immigrant","1. High",2010m11,20.21,20.76984
"0. Immigrant","1. High",2010m12,21.02,20.73018
"0. Immigrant","1. High",2011m1,20.61,20.78224
"0. Immigrant","1. High",2011m2,20.35,20.82516
"0. Immigrant","1. High",2011m3,22.36,20.85296
"0. Immigrant","1. High",2011m4,20.44,20.8812
"0. Immigrant","1. High",2011m5,21.01,20.88355
"0. Immigrant","1. High",2011m6,20.76,20.97014
"0. Immigrant","1. High",2011m7,21.85,21.05616
"0. Immigrant","1. High",2011m8,19.59,21.14088
"0. Immigrant","1. High",2011m9,21.63,21.17753
"0. Immigrant","1. High",2011m10,20.25,21.22322
"0. Immigrant","1. High",2011m11,21.28,21.29058
"0. Immigrant","1. High",2011m12,22.03,21.35652
"0. Immigrant","1. High",2012m1,21.66,21.38785
"0. Immigrant","1. High",2012m2,21.33,21.47072
"0. Immigrant","1. High",2012m3,22.26,21.564
"0. Immigrant","1. High",2012m4,21.64,21.62482
"0. Immigrant","1. High",2012m5,21.43,21.65733
"0. Immigrant","1. High",2012m6,21.92,21.66142
"0. Immigrant","1. High",2012m7,21.44,21.66886
"0. Immigrant","1. High",2012m8,21.99,21.62405
"0. Immigrant","1. High",2012m9,21.47,21.57928
"0. Immigrant","1. High",2012m10,21.87,21.57855
"0. Immigrant","1. High",2012m11,20.44,21.70281
"0. Immigrant","1. High",2012m12,22.97,21.81314
"0. Immigrant","1. High",2013m1,20.90,21.82469
"0. Immigrant","1. High",2013m2,21.01,21.81672
"0. Immigrant","1. High",2013m3,21.50,21.74003
"0. Immigrant","1. High",2013m4,22.38,21.63147
"0. Immigrant","1. High",2013m5,23.67,21.71219
"0. Immigrant","1. High",2013m6,22.33,21.86717
"0. Immigrant","1. High",2013m7,21.31,
"0. Immigrant","1. High",2013m8,21.93,
"0. Immigrant","1. High",2013m9,19.69,
"0. Immigrant","1. High",2013m10,21.05,
"0. Immigrant","1. High",2013m11,23.20,
"0. Immigrant","1. High",2013m12,23.92,
"1. Native","0. Low",1996m1,9.42,
"1. Native","0. Low",1996m2,9.57,
"1. Native","0. Low",1996m3,9.44,
"1. Native","0. Low",1996m4,9.58,
"1. Native","0. Low",1996m5,9.58,
"1. Native","0. Low",1996m6,9.40,
"1. Native","0. Low",1996m7,9.50,9.604543
"1. Native","0. Low",1996m8,9.68,9.630315
"1. Native","0. Low",1996m9,9.69,9.655704
"1. Native","0. Low",1996m10,9.73,9.68011
"1. Native","0. Low",1996m11,9.81,9.706073
"1. Native","0. Low",1996m12,9.68,9.737764
"1. Native","0. Low",1997m1,9.74,9.766704
"1. Native","0. Low",1997m2,9.86,9.790858
"1. Native","0. Low",1997m3,9.75,9.819637
"1. Native","0. Low",1997m4,9.86,9.842731
"1. Native","0. Low",1997m5,9.93,9.861228
"1. Native","0. Low",1997m6,9.81,9.889952
"1. Native","0. Low",1997m7,9.79,9.924386
"1. Native","0. Low",1997m8,9.98,9.951422
"1. Native","0. Low",1997m9,10.09,9.983707
"1. Native","0. Low",1997m10,9.89,10.02367
"1. Native","0. Low",1997m11,10.10,10.05152
"1. Native","0. Low",1997m12,10.08,10.07845
"1. Native","0. Low",1998m1,10.17,10.11737
"1. Native","0. Low",1998m2,10.09,10.15917
"1. Native","0. Low",1998m3,10.30,10.18659
"1. Native","0. Low",1998m4,10.27,10.21524
"1. Native","0. Low",1998m5,10.19,10.25407
"1. Native","0. Low",1998m6,10.20,10.28874
"1. Native","0. Low",1998m7,10.33,10.32201
"1. Native","0. Low",1998m8,10.44,10.34904
"1. Native","0. Low",1998m9,10.29,10.37154
"1. Native","0. Low",1998m10,10.38,10.39775
"1. Native","0. Low",1998m11,10.54,10.4211
"1. Native","0. Low",1998m12,10.47,10.44619
"1. Native","0. Low",1999m1,10.58,10.46874
"1. Native","0. Low",1999m2,10.33,10.48041
"1. Native","0. Low",1999m3,10.60,10.50328
"1. Native","0. Low",1999m4,10.59,10.53502
"1. Native","0. Low",1999m5,10.42,10.55348
"1. Native","0. Low",1999m6,10.57,10.57096
"1. Native","0. Low",1999m7,10.51,10.59949
"1. Native","0. Low",1999m8,10.55,10.63837
"1. Native","0. Low",1999m9,10.73,10.68137
"1. Native","0. Low",1999m10,10.70,10.71443
"1. Native","0. Low",1999m11,10.66,10.75208
"1. Native","0. Low",1999m12,10.77,10.78941
"1. Native","0. Low",2000m1,10.96,10.82505
"1. Native","0. Low",2000m2,10.87,10.87732
"1. Native","0. Low",2000m3,11.09,10.92406
"1. Native","0. Low",2000m4,10.90,10.96296
"1. Native","0. Low",2000m5,11.02,11.01113
"1. Native","0. Low",2000m6,10.87,11.0591
"1. Native","0. Low",2000m7,11.06,11.09765
"1. Native","0. Low",2000m8,11.24,11.13179
"1. Native","0. Low",2000m9,11.15,11.17001
"1. Native","0. Low",2000m10,11.21,11.24462
"1. Native","0. Low",2000m11,11.31,11.31652
"1. Native","0. Low",2000m12,11.27,11.37879
"1. Native","0. Low",2001m1,11.38,11.43665
"1. Native","0. Low",2001m2,11.27,11.47005
"1. Native","0. Low",2001m3,11.61,11.50633
"1. Native","0. Low",2001m4,12.17,11.54287
"1. Native","0. Low",2001m5,11.47,11.58591
"1. Native","0. Low",2001m6,11.91,11.63392
"1. Native","0. Low",2001m7,11.41,11.68143
"1. Native","0. Low",2001m8,11.70,11.71946
"1. Native","0. Low",2001m9,11.57,11.74028
"1. Native","0. Low",2001m10,11.67,11.73135
"1. Native","0. Low",2001m11,11.88,11.7305
"1. Native","0. Low",2001m12,11.85,11.7392
"1. Native","0. Low",2002m1,11.94,11.74492
"1. Native","0. Low",2002m2,11.63,11.76075
"1. Native","0. Low",2002m3,11.75,11.77749
"1. Native","0. Low",2002m4,11.81,11.80114
"1. Native","0. Low",2002m5,11.81,11.82403
"1. Native","0. Low",2002m6,11.78,11.84138
"1. Native","0. Low",2002m7,11.68,11.8515
"1. Native","0. Low",2002m8,11.81,11.87189
"1. Native","0. Low",2002m9,11.86,11.90322
"1. Native","0. Low",2002m10,11.95,11.92809
"1. Native","0. Low",2002m11,12.15,11.94516
"1. Native","0. Low",2002m12,12.00,11.95238
"1. Native","0. Low",2003m1,12.04,11.96958
"1. Native","0. Low",2003m2,12.02,12.00423
"1. Native","0. Low",2003m3,12.12,12.04077
"1. Native","0. Low",2003m4,12.05,12.08257
"1. Native","0. Low",2003m5,11.98,12.11163
"1. Native","0. Low",2003m6,11.78,12.13488
"1. Native","0. Low",2003m7,12.09,12.16343
"1. Native","0. Low",2003m8,12.23,12.18525
"1. Native","0. Low",2003m9,12.32,12.20925
"1. Native","0. Low",2003m10,12.49,12.23925
"1. Native","0. Low",2003m11,12.30,12.26818
"1. Native","0. Low",2003m12,12.40,12.30196
"1. Native","0. Low",2004m1,12.32,12.34199
"1. Native","0. Low",2004m2,12.26,12.36123
"1. Native","0. Low",2004m3,12.45,12.36258
"1. Native","0. Low",2004m4,12.44,12.3588
"1. Native","0. Low",2004m5,12.29,12.35677
"1. Native","0. Low",2004m6,12.28,12.35541
"1. Native","0. Low",2004m7,12.55,12.37009
"1. Native","0. Low",2004m8,12.23,12.39871
"1. Native","0. Low",2004m9,12.34,12.41427
"1. Native","0. Low",2004m10,12.37,12.43015
"1. Native","0. Low",2004m11,12.37,12.44785
"1. Native","0. Low",2004m12,12.30,12.46092
"1. Native","0. Low",2005m1,12.78,12.47054
"1. Native","0. Low",2005m2,12.49,12.49511
"1. Native","0. Low",2005m3,12.59,12.53045
"1. Native","0. Low",2005m4,12.68,12.55519
"1. Native","0. Low",2005m5,12.48,12.57833
"1. Native","0. Low",2005m6,12.41,12.60989
"1. Native","0. Low",2005m7,12.65,12.63151
"1. Native","0. Low",2005m8,12.72,12.65156
"1. Native","0. Low",2005m9,12.70,12.68706
"1. Native","0. Low",2005m10,12.61,12.7164
"1. Native","0. Low",2005m11,12.70,12.73846
"1. Native","0. Low",2005m12,12.74,12.76626
"1. Native","0. Low",2006m1,12.86,12.79768
"1. Native","0. Low",2006m2,12.89,12.82291
"1. Native","0. Low",2006m3,13.04,12.84776
"1. Native","0. Low",2006m4,12.93,12.88715
"1. Native","0. Low",2006m5,12.75,12.9335
"1. Native","0. Low",2006m6,12.80,12.97206
"1. Native","0. Low",2006m7,13.01,13.00763
"1. Native","0. Low",2006m8,12.96,13.04262
"1. Native","0. Low",2006m9,13.06,13.07602
"1. Native","0. Low",2006m10,13.20,13.10776
"1. Native","0. Low",2006m11,13.22,13.13906
"1. Native","0. Low",2006m12,13.14,13.17204
"1. Native","0. Low",2007m1,13.31,13.20471
"1. Native","0. Low",2007m2,13.28,13.2448
"1. Native","0. Low",2007m3,13.46,13.28793
"1. Native","0. Low",2007m4,13.28,13.31715
"1. Native","0. Low",2007m5,13.16,13.3443
"1. Native","0. Low",2007m6,13.19,13.38617
"1. Native","0. Low",2007m7,13.41,13.42495
"1. Native","0. Low",2007m8,13.53,13.45651
"1. Native","0. Low",2007m9,13.53,13.48814
"1. Native","0. Low",2007m10,13.43,13.52348
"1. Native","0. Low",2007m11,13.64,13.56718
"1. Native","0. Low",2007m12,13.73,13.60968
"1. Native","0. Low",2008m1,13.66,13.64034
"1. Native","0. Low",2008m2,13.69,13.66104
"1. Native","0. Low",2008m3,13.80,13.67803
"1. Native","0. Low",2008m4,13.78,13.70827
"1. Native","0. Low",2008m5,13.70,13.74855
"1. Native","0. Low",2008m6,13.66,13.76943
"1. Native","0. Low",2008m7,13.67,13.78457
"1. Native","0. Low",2008m8,13.76,13.81355
"1. Native","0. Low",2008m9,13.70,13.83432
"1. Native","0. Low",2008m10,13.98,13.84857
"1. Native","0. Low",2008m11,14.05,13.86542
"1. Native","0. Low",2008m12,13.81,13.88354
"1. Native","0. Low",2009m1,13.93,13.90757
"1. Native","0. Low",2009m2,14.11,13.9356
"1. Native","0. Low",2009m3,13.88,13.96342
"1. Native","0. Low",2009m4,14.04,13.98137
"1. Native","0. Low",2009m5,13.84,13.99742
"1. Native","0. Low",2009m6,13.95,14.02706
"1. Native","0. Low",2009m7,13.96,14.06538
"1. Native","0. Low",2009m8,14.15,14.08682
"1. Native","0. Low",2009m9,13.98,14.099
"1. Native","0. Low",2009m10,14.13,14.10988
"1. Native","0. Low",2009m11,14.29,14.11901
"1. Native","0. Low",2009m12,14.29,14.14013
"1. Native","0. Low",2010m1,14.37,14.1499
"1. Native","0. Low",2010m2,14.18,14.14811
"1. Native","0. Low",2010m3,14.10,14.15696
"1. Native","0. Low",2010m4,14.08,14.16023
"1. Native","0. Low",2010m5,14.02,14.15414
"1. Native","0. Low",2010m6,14.28,14.14522
"1. Native","0. Low",2010m7,13.86,14.13594
"1. Native","0. Low",2010m8,14.20,14.13572
"1. Native","0. Low",2010m9,14.14,14.14942
"1. Native","0. Low",2010m10,14.05,14.17409
"1. Native","0. Low",2010m11,14.22,14.21073
"1. Native","0. Low",2010m12,14.14,14.22602
"1. Native","0. Low",2011m1,14.30,14.22014
"1. Native","0. Low",2011m2,14.25,14.21871
"1. Native","0. Low",2011m3,14.36,14.23252
"1. Native","0. Low",2011m4,14.41,14.2593
"1. Native","0. Low",2011m5,14.57,14.27416
"1. Native","0. Low",2011m6,14.10,14.29239
"1. Native","0. Low",2011m7,13.90,14.30311
"1. Native","0. Low",2011m8,14.13,14.30837
"1. Native","0. Low",2011m9,14.55,14.31851
"1. Native","0. Low",2011m10,14.29,14.32635
"1. Native","0. Low",2011m11,14.34,14.32125
"1. Native","0. Low",2011m12,14.46,14.31844
"1. Native","0. Low",2012m1,14.24,14.3381
"1. Native","0. Low",2012m2,14.44,14.36689
"1. Native","0. Low",2012m3,14.42,14.37738
"1. Native","0. Low",2012m4,14.54,14.38685
"1. Native","0. Low",2012m5,14.32,14.39248
"1. Native","0. Low",2012m6,14.29,14.38729
"1. Native","0. Low",2012m7,14.19,14.40277
"1. Native","0. Low",2012m8,14.53,14.41758
"1. Native","0. Low",2012m9,14.39,14.42692
"1. Native","0. Low",2012m10,14.67,14.43207
"1. Native","0. Low",2012m11,14.10,14.43506
"1. Native","0. Low",2012m12,14.58,14.44014
"1. Native","0. Low",2013m1,14.49,14.44631
"1. Native","0. Low",2013m2,14.54,14.44417
"1. Native","0. Low",2013m3,14.54,14.44846
"1. Native","0. Low",2013m4,14.55,14.45701
"1. Native","0. Low",2013m5,14.39,14.4601
"1. Native","0. Low",2013m6,14.34,14.46669
"1. Native","0. Low",2013m7,14.28,
"1. Native","0. Low",2013m8,14.39,
"1. Native","0. Low",2013m9,14.64,
"1. Native","0. Low",2013m10,14.63,
"1. Native","0. Low",2013m11,14.21,
"1. Native","0. Low",2013m12,14.62,
"1. Native","1. High",1996m1,14.86,
"1. Native","1. High",1996m2,14.81,
"1. Native","1. High",1996m3,14.31,
"1. Native","1. High",1996m4,13.88,
"1. Native","1. High",1996m5,13.48,
"1. Native","1. High",1996m6,14.29,
"1. Native","1. High",1996m7,13.77,14.31479
"1. Native","1. High",1996m8,14.36,14.31065
"1. Native","1. High",1996m9,14.54,14.30833
"1. Native","1. High",1996m10,14.35,14.33123
"1. Native","1. High",1996m11,14.35,14.40284
"1. Native","1. High",1996m12,14.79,14.47429
"1. Native","1. High",1997m1,14.87,14.55108
"1. Native","1. High",1997m2,14.70,14.64619
"1. Native","1. High",1997m3,14.37,14.72004
"1. Native","1. High",1997m4,14.38,14.7851
"1. Native","1. High",1997m5,14.70,14.86528
"1. Native","1. High",1997m6,14.78,14.92621
"1. Native","1. High",1997m7,15.12,14.95673
"1. Native","1. High",1997m8,15.29,15.02482
"1. Native","1. High",1997m9,15.38,15.11434
"1. Native","1. High",1997m10,15.07,15.22216
"1. Native","1. High",1997m11,15.55,15.33632
"1. Native","1. High",1997m12,15.04,15.41641
"1. Native","1. High",1998m1,15.35,15.47081
"1. Native","1. High",1998m2,15.86,15.51286
"1. Native","1. High",1998m3,15.36,15.53349
"1. Native","1. High",1998m4,15.97,15.60831
"1. Native","1. High",1998m5,15.84,15.70506
"1. Native","1. High",1998m6,15.56,15.7818
"1. Native","1. High",1998m7,15.64,15.85591
"1. Native","1. High",1998m8,15.77,15.90366
"1. Native","1. High",1998m9,15.39,15.97269
"1. Native","1. High",1998m10,16.86,15.9923
"1. Native","1. High",1998m11,16.09,16.01671
"1. Native","1. High",1998m12,16.35,16.11811
"1. Native","1. High",1999m1,15.82,16.20569
"1. Native","1. High",1999m2,16.53,16.28819
"1. Native","1. High",1999m3,16.34,16.40053
"1. Native","1. High",1999m4,15.46,16.46
"1. Native","1. High",1999m5,16.95,16.52142
"1. Native","1. High",1999m6,16.89,16.60316
"1. Native","1. High",1999m7,16.41,16.69678
"1. Native","1. High",1999m8,16.98,16.8024
"1. Native","1. High",1999m9,16.88,16.82886
"1. Native","1. High",1999m10,16.80,16.85956
"1. Native","1. High",1999m11,17.62,16.89151
"1. Native","1. High",1999m12,16.77,16.92199
"1. Native","1. High",2000m1,17.64,17.0056
"1. Native","1. High",2000m2,17.24,17.0466
"1. Native","1. High",2000m3,16.26,17.04416
"1. Native","1. High",2000m4,16.28,17.10268
"1. Native","1. High",2000m5,16.89,17.12164
"1. Native","1. High",2000m6,17.68,17.13002
"1. Native","1. High",2000m7,17.64,17.22063
"1. Native","1. High",2000m8,16.74,17.31083
"1. Native","1. High",2000m9,17.06,17.39404
"1. Native","1. High",2000m10,18.02,17.50382
"1. Native","1. High",2000m11,16.85,17.61257
"1. Native","1. High",2000m12,17.74,17.76373
"1. Native","1. High",2001m1,18.85,17.89474
"1. Native","1. High",2001m2,18.20,17.98388
"1. Native","1. High",2001m3,17.30,18.08699
"1. Native","1. High",2001m4,17.87,18.13578
"1. Native","1. High",2001m5,17.91,18.20666
"1. Native","1. High",2001m6,20.29,18.26969
"1. Native","1. High",2001m7,18.17,18.28528
"1. Native","1. High",2001m8,18.35,18.35805
"1. Native","1. High",2001m9,17.92,18.46034
"1. Native","1. High",2001m10,18.33,18.49418
"1. Native","1. High",2001m11,18.25,18.47674
"1. Native","1. High",2001m12,17.86,18.39374
"1. Native","1. High",2002m1,19.10,18.34786
"1. Native","1. High",2002m2,19.69,18.40299
"1. Native","1. High",2002m3,18.26,18.4418
"1. Native","1. High",2002m4,17.72,18.46333
"1. Native","1. High",2002m5,17.64,18.48995
"1. Native","1. High",2002m6,18.57,18.54458
"1. Native","1. High",2002m7,18.79,18.55045
"1. Native","1. High",2002m8,19.05,18.48516
"1. Native","1. High",2002m9,18.15,18.50233
"1. Native","1. High",2002m10,18.61,18.58384
"1. Native","1. High",2002m11,18.60,18.68885
"1. Native","1. High",2002m12,18.82,18.79554
"1. Native","1. High",2003m1,18.28,18.79302
"1. Native","1. High",2003m2,18.94,18.70284
"1. Native","1. High",2003m3,19.43,18.69388
"1. Native","1. High",2003m4,18.51,18.74624
"1. Native","1. High",2003m5,19.37,18.77526
"1. Native","1. High",2003m6,19.40,18.81208
"1. Native","1. High",2003m7,17.89,18.84489
"1. Native","1. High",2003m8,17.78,18.85893
"1. Native","1. High",2003m9,19.21,18.85952
"1. Native","1. High",2003m10,18.82,18.86276
"1. Native","1. High",2003m11,19.10,18.84883
"1. Native","1. High",2003m12,19.21,18.81897
"1. Native","1. High",2004m1,18.68,18.85358
"1. Native","1. High",2004m2,18.88,18.95836
"1. Native","1. High",2004m3,19.50,19.02708
"1. Native","1. High",2004m4,18.52,19.06652
"1. Native","1. High",2004m5,19.03,19.11736
"1. Native","1. High",2004m6,19.02,19.12922
"1. Native","1. High",2004m7,19.11,19.13845
"1. Native","1. High",2004m8,19.08,19.23199
"1. Native","1. High",2004m9,19.55,19.29107
"1. Native","1. High",2004m10,19.42,19.2964
"1. Native","1. High",2004m11,19.72,19.33812
"1. Native","1. High",2004m12,18.87,19.37051
"1. Native","1. High",2005m1,19.24,19.34453
"1. Native","1. High",2005m2,20.57,19.30669
"1. Native","1. High",2005m3,19.23,19.29044
"1. Native","1. High",2005m4,18.92,19.32675
"1. Native","1. High",2005m5,19.63,19.3752
"1. Native","1. High",2005m6,19.20,19.44287
"1. Native","1. High",2005m7,18.31,19.53421
"1. Native","1. High",2005m8,18.97,19.5567
"1. Native","1. High",2005m9,19.27,19.60939
"1. Native","1. High",2005m10,20.57,19.67693
"1. Native","1. High",2005m11,19.73,19.69584
"1. Native","1. High",2005m12,20.49,19.75475
"1. Native","1. High",2006m1,19.82,19.86988
"1. Native","1. High",2006m2,20.53,19.97006
"1. Native","1. High",2006m3,20.54,20.03549
"1. Native","1. High",2006m4,19.23,20.03843
"1. Native","1. High",2006m5,19.77,20.02734
"1. Native","1. High",2006m6,20.47,20.07071
"1. Native","1. High",2006m7,19.79,20.08346
"1. Native","1. High",2006m8,19.89,20.05979
"1. Native","1. High",2006m9,19.92,20.08382
"1. Native","1. High",2006m10,19.99,20.15407
"1. Native","1. High",2006m11,20.04,20.25424
"1. Native","1. High",2006m12,21.21,20.343
"1. Native","1. High",2007m1,19.40,20.40758
"1. Native","1. High",2007m2,20.38,20.45664
"1. Native","1. High",2007m3,21.26,20.48141
"1. Native","1. High",2007m4,20.19,20.50361
"1. Native","1. High",2007m5,21.21,20.5331
"1. Native","1. High",2007m6,21.16,20.57092
"1. Native","1. High",2007m7,20.66,20.68444
"1. Native","1. High",2007m8,20.21,20.79888
"1. Native","1. High",2007m9,20.20,20.8398
"1. Native","1. High",2007m10,20.24,20.88215
"1. Native","1. High",2007m11,20.50,20.85407
"1. Native","1. High",2007m12,21.67,20.82516
"1. Native","1. High",2008m1,21.67,20.85547
"1. Native","1. High",2008m2,20.86,20.92583
"1. Native","1. High",2008m3,21.77,21.0268
"1. Native","1. High",2008m4,20.70,21.14089
"1. Native","1. High",2008m5,20.03,21.27194
"1. Native","1. High",2008m6,21.65,21.34319
"1. Native","1. High",2008m7,20.90,21.37562
"1. Native","1. High",2008m8,21.66,21.44317
"1. Native","1. High",2008m9,21.18,21.49609
"1. Native","1. High",2008m10,22.00,21.51593
"1. Native","1. High",2008m11,21.88,21.57039
"1. Native","1. High",2008m12,22.00,21.58764
"1. Native","1. High",2009m1,22.12,21.60528
"1. Native","1. High",2009m2,22.03,21.61121
"1. Native","1. High",2009m3,21.87,21.60899
"1. Native","1. High",2009m4,21.08,21.6189
"1. Native","1. High",2009m5,20.96,21.57617
"1. Native","1. High",2009m6,21.13,21.47723
"1. Native","1. High",2009m7,21.83,21.39699
"1. Native","1. High",2009m8,20.86,21.36144
"1. Native","1. High",2009m9,21.92,21.3004
"1. Native","1. High",2009m10,21.50,21.25424
"1. Native","1. High",2009m11,21.36,21.24761
"1. Native","1. High",2009m12,20.14,21.29076
"1. Native","1. High",2010m1,22.05,21.29922
"1. Native","1. High",2010m2,21.25,21.30385
"1. Native","1. High",2010m3,21.18,21.31886
"1. Native","1. High",2010m4,20.66,21.31015
"1. Native","1. High",2010m5,21.22,21.3227
"1. Native","1. High",2010m6,21.91,21.40829
"1. Native","1. High",2010m7,21.26,21.50472
"1. Native","1. High",2010m8,21.54,21.55337
"1. Native","1. High",2010m9,21.60,21.61316
"1. Native","1. High",2010m10,21.61,21.6272
"1. Native","1. High",2010m11,21.55,21.63621
"1. Native","1. High",2010m12,22.01,21.65765
"1. Native","1. High",2011m1,22.50,21.68868
"1. Native","1. High",2011m2,21.97,21.73542
"1. Native","1. High",2011m3,21.90,21.745
"1. Native","1. High",2011m4,20.28,21.76694
"1. Native","1. High",2011m5,21.82,21.83287
"1. Native","1. High",2011m6,21.82,21.88743
"1. Native","1. High",2011m7,22.09,21.89967
"1. Native","1. High",2011m8,21.84,21.90202
"1. Native","1. High",2011m9,21.54,21.91628
"1. Native","1. High",2011m10,22.20,21.99234
"1. Native","1. High",2011m11,22.54,22.02651
"1. Native","1. High",2011m12,22.32,22.06588
"1. Native","1. High",2012m1,22.47,22.12779
"1. Native","1. High",2012m2,22.05,22.11145
"1. Native","1. High",2012m3,22.16,22.11874
"1. Native","1. High",2012m4,21.84,22.14826
"1. Native","1. High",2012m5,21.08,22.16668
"1. Native","1. High",2012m6,23.51,22.15974
"1. Native","1. High",2012m7,21.89,22.13347
"1. Native","1. High",2012m8,21.65,22.12444
"1. Native","1. High",2012m9,21.90,22.1518
"1. Native","1. High",2012m10,22.54,22.19906
"1. Native","1. High",2012m11,22.64,22.30762
"1. Native","1. High",2012m12,22.06,22.31355
"1. Native","1. High",2013m1,22.11,22.21934
"1. Native","1. High",2013m2,22.19,22.21392
"1. Native","1. High",2013m3,22.67,22.26113
"1. Native","1. High",2013m4,22.47,22.25501
"1. Native","1. High",2013m5,23.06,22.21641
"1. Native","1. High",2013m6,21.67,22.22836
"1. Native","1. High",2013m7,21.47,
"1. Native","1. High",2013m8,21.94,
"1. Native","1. High",2013m9,22.74,
"1. Native","1. High",2013m10,21.56,
"1. Native","1. High",2013m11,22.70,
"1. Native","1. High",2013m12,22.29,
